{
    "$schema": "https://schema.management.azure.com/schemas/2015-01-01/deploymentParameters.json#",
    "contentVersion": "1.0.0.0",
    "parameters": {
        "location": {
            "value": "eastus"
        },
        "networkInterfaceName": {
            "value": "chefconf-vm-chef2611"
        },
        "networkSecurityGroupName": {
            "value": "chefconf-vm-chef2-nsg"
        },
        "networkSecurityGroupRules": {
            "value": [
                {
                    "name": "HTTP",
                    "properties": {
                        "priority": 300,
                        "protocol": "TCP",
                        "access": "Allow",
                        "direction": "Inbound",
                        "sourceAddressPrefix": "*",
                        "sourcePortRange": "*",
                        "destinationAddressPrefix": "*",
                        "destinationPortRange": "80"
                    }
                },
                {
                    "name": "SSH",
                    "properties": {
                        "priority": 320,
                        "protocol": "TCP",
                        "access": "Allow",
                        "direction": "Inbound",
                        "sourceAddressPrefix": "*",
                        "sourcePortRange": "*",
                        "destinationAddressPrefix": "*",
                        "destinationPortRange": "22"
                    }
                }
            ]
        },
        "subnetName": {
            "value": "default"
        },
        "virtualNetworkId": {
            "value": "/subscriptions/f9b5da45-54cc-42d3-a58b-87adf6ad27ad/resourceGroups/chefconf-chef/providers/Microsoft.Network/virtualNetworks/chefconf-chef-vnet"
        },
        "publicIpAddressName": {
            "value": "chefconf-vm-chef2-ip"
        },
        "publicIpAddressType": {
            "value": "Dynamic"
        },
        "publicIpAddressSku": {
            "value": "Basic"
        },
        "virtualMachineName": {
            "value": "chefconf-vm-chef2"
        },
        "virtualMachineRG": {
            "value": "chefconf-chef"
        },
        "osDiskType": {
            "value": "Premium_LRS"
        },
        "virtualMachineSize": {
            "value": "Standard_D2s_v3"
        },
        "adminUsername": {
            "value": "chefconf2019"
        },
        "adminPassword": {
            "value": "Chefc0nf2019!"
        },
        "diagnosticsStorageAccountName": {
            "value": "chefconfchefdiag"
        },
        "diagnosticsStorageAccountId": {
            "value": "/subscriptions/f9b5da45-54cc-42d3-a58b-87adf6ad27ad/resourceGroups/chefconf-chef/providers/Microsoft.Storage/storageAccounts/chefconfchefdiag"
        }
    }
}
